"","SSN"
"1","icr012860"
"2","icr012861"
"3","icr012877"
"4","icr012878"
"5","icr012879"
"6","icr012880"
"7","icr012911"
"8","icr012912"
"9","icr012917"
"10","icr012918"
"11","icr012942"
"12","icr012943"
"13","icr012958"
"14","icr012959"
"15","icr012976"
"16","icr012977"
"17","icr013004"
"18","icr013005"
"19","icr013015"
"20","icr013016"
"21","icr013042"
"22","icr013043"
"23","icr013056"
"24","icr013057"
"25","icr013076"
"26","icr013077"
"27","icr013096"
"28","icr013097"
"29","icr013112"
"30","icr013113"
"31","icr013122"
"32","icr013123"
"33","icr020510"
"34","icr020511"
"35","icr020525"
"36","icr020526"
"37","icr020543"
"38","icr020544"
"39","icr020563"
"40","icr020564"
"41","icr020583"
"42","icr020584"
"43","icr020602"
"44","icr020603"
"45","icr020622"
"46","icr020623"
"47","icr020639"
"48","icr020640"
"49","icr020659"
"50","icr020660"
"51","icr020679"
"52","icr020680"
"53","icr020699"
"54","icr020700"
"55","icr020717"
"56","icr020718"
"57","icr020737"
"58","icr020738"
"59","icr020757"
"60","icr020758"
"61","icr020776"
"62","icr020777"
"63","icr020794"
"64","icr020795"
"65","icr023750"
"66","icr023751"
"67","icr023768"
"68","icr023769"
"69","icr023784"
"70","icr023785"
"71","icr023804"
"72","icr023805"
"73","icr023824"
"74","icr023825"
"75","icr023842"
"76","icr023843"
"77","icr023862"
"78","icr023863"
"79","icr023882"
"80","icr023883"
"81","icr023900"
"82","icr023901"
"83","icr023919"
"84","icr023920"
"85","icr023939"
"86","icr023940"
"87","icr023959"
"88","icr023960"
"89","icr023978"
"90","icr023979"
"91","icr023997"
"92","icr023998"
"93","icr024017"
"94","icr024018"
"95","icr024037"
"96","icr024038"
"97","icr038217"
"98","icr056081"
"99","icr068620"
